{"rating": 2, "input_movie_id": 597, "filters": {"genres": [], "popularity": [0.0, 875.581305], "vote_average": [0.0, 10.0]}, "timestamp": "2025-04-20T00:49:03.739552"}
